Mixture,Count
CCCCOCCO,2
C1CCOC1 | CCCCCCCCO,11
CCn1cc[n+](C)c1.O=S(=O)([O-])C(F)(F)F | C[N+](=O)[O-],60
CCCC(=O)OCC | BrCCCCBr,11
CCOCCOCC,3
CCCCC | COC=O,20
ClC(Cl)(Cl)Cl,2
CCCC[N+]1(C)CCCC1.N#C[B-](C#N)(C#N)C#N,1
ClC[C@H]1CO1,1
CCn1cc[n+](C)c1.O=S(=O)([O-])O,7
c1cc[nH]c1,10
OCC(F)(F)F | CCn1cc[n+](C)c1.F[B-](F)(F)F,20
CCOC=O | ClCCCCCCCl,31
CCCOC(=O)CCC,8
C1CCOC1 | CO,9
BrCCCCCCBr | CCCCOC(=O)CCC,16
CCCc1ccccc1,1
C1CCOCC1 | CCCO,9
BrCCCCCBr | CCOC(C)=O,11
CC(=O)CC(C)C | O,46
CCCC[N+](C)(C)C.O=S(=O)([N-]S(=O)(=O)C(F)(F)F)C(F)(F)F | CCCO,90
COC(C)=O | CC(C)CC(C)(C)C,20
CCCCn1cc[n+](C)c1.F[B-](F)(F)F | CCCCn1cc[n+](C)c1.F[P-](F)(F)(F)(F)F,108
CCCCOC(C)=O | ClCCCCCCCl,15
CCC(=O)OC | BrCCBr,15
CCCC[n+]1ccc(C)cc1.F[B-](F)(F)F | CO,29
ClCCCCCCCl | CCCOC(=O)CCC,13
ClC(Cl)C(Cl)Cl,2
CCCC(=O)OC | CCCCCCC,16
OCC(F)(F)F | CCCO,17
ClC(Cl)Cl | COC(C)(C)C,12
BrCCCBr | CCCCOC(C)=O,15
CCCOC=O,40
CCOC(C)=O | CCCCC,33
ClCCCl | CCCOC=O,15
CCCCCl,2
CCN(CC)CCCN,1
COC(C)=O | CCCC(=O)OC,19
BrCCBr | CCOC(=O)CC,13
CCO,68
C[C@@H](N)c1ccccc1,1
CCn1cc[n+](C)c1.F[B-](F)(F)F | CN1CCCC1=O,72
CCn1cc[n+](C)c1.F[B-](F)(F)F | CS(C)=O,72
CCCCOC(=O)CC | ClCCCCl,11
CCCCCCCCCCC,1
CCCCC,18
ClC=C(Cl)Cl,2
CCCC[n+]1ccc(C)cc1.F[B-](F)(F)F | CCO,28
CCCCOC(C)=O | ClCCCl,16
CCC(=O)CC,4
OCCOCCOCCOCCO | OCc1ccccc1,12
CCn1cc[n+](C)c1.N#C[N-]C#N | O,94
CCCCCC[N+]1(C)CCCC1.O=S(=O)([N-]S(=O)(=O)C(F)(F)F)C(F)(F)F,14
CCCCCOC(C)=O,1
CCn1cc[n+](C)c1.F[B-](F)(F)F,53
CC(=O)C(C)=O,7
CCCC(=O)OC | BrCCCBr,16
BrCCCBr | CCOC=O,14
C[n+]1ccn(CCO)c1.O=C([O-])C(F)(F)F,7
CC(C)=O,8
ClCCCl | CCCOC(=O)CC,16
CCCC(=O)OCC | BrCCCBr,12
Cc1ccccc1C,3
C[C@H](N)c1ccccc1,1
Cn1ccnc1 | O,67
O=CO,1
CCOS(=O)(=O)[O-].CCn1cc[n+](C)c1,18
C[C@@H](O)c1ccccc1,1
C1CCNCC1,15
COC(C)=O | BrCCCCBr,14
CCCOC(C)=O,39
CCOC(C)=O | ClCCCCl,16
Cn1ccnc1,31
ClCCCCCl,3
CS(C)=O,16
CCC(=O)CC | O,48
CCCCCCCC[N+]1(C)CCCC1.O=S(=O)([N-]S(=O)(=O)C(F)(F)F)C(F)(F)F,11
CCCCOC=O | ClCCCCCCCl,27
Cc1cccnc1 | O,12
CCCOC(C)=O | CCCCCC,66
CCOC(C)(C)C,3
CCn1cc[n+](C)c1.F[B-](F)(F)F | CC(C)=O,72
CCCCOCC(C)C,8
OCCOCCO,4
c1ccncc1 | NCCO,36
C1CCOCC1 | Cc1ccncc1,54
CCCCn1cc[n+](C)c1.COS(=O)(=O)[O-] | CCO,122
CN1CCCCC1 | O,18
CCCCCC(C)=O,3
CCC(C)=O,7
ClCCCl | CCCOC(=O)CCC,16
CCC(=O)OC | BrCCCCCCBr,16
CCCCCC[N+](CC)(CC)CC.O=S(=O)([N-]S(=O)(=O)C(F)(F)F)C(F)(F)F,18
ClCCCc1ccccc1,1
Brc1ccccc1,1
CCCCC(=O)OC | CO,18
CN1CCCCC1,5
CCCCC(=O)OCC | ClCCCCl,15
COC(C)=O | BrCCCBr,16
CCOC(=O)C(C)C | CCCCO,22
CCn1cc[n+](C)c1.O=S(=O)([N-]S(=O)(=O)C(F)(F)F)C(F)(F)F,2
C1CCOCC1 | CCCCCC(C)=O,18
COCCOCCO,2
C1CCOCC1 | OCC(F)(F)F,27
COC=O | BrCCCCCCBr,14
COC=O | CCCCCCC,53
CCCOC(C)=O | CCCCCCCC,66
BrCCCCBr,1
BrCCCBr | CCOC(C)=O,14
C1CCOC1 | CCCCCCCCCCO,6
CCCOC(=O)CC,11
CCN(CC)CC,2
COC=O | BrCCCCBr,15
COC(C)=O | CCCCCCC,16
COP(=O)([O-])OC.Cn1cc[n+](C)c1 | CO,24
CCCCOC=O | ClCCCCCl,29
CCCCCCCO,1
Cc1ccccn1,11
CCOP(=O)([O-])OCC.CCn1cc[n+](C)c1,7
Cc1ccncc1,12
C[C@@H]1COC(=O)O1,1
CCCCCCn1cc[n+](C)c1.F[B-](F)(F)F | CCO,60
CCCCn1cc[n+](C)c1.O=S(=O)([N-]S(=O)(=O)C(F)(F)F)C(F)(F)F,1
CCCCC(C)=O,4
CCn1cc[n+](C)c1.F[B-](F)(F)F | OC1=NCCC1,72
BrCCCBr | CCCCOC(=O)CCC,14
ClCc1ccccc1,1
CCOC(=O)CC | ClCCCCCCCl,13
CC(C)OC(C)C | CCO,11
CN(CCO)CCO | c1ccncc1,28
CCOC(=O)OCC | CCCCCO,45
CCCCO | CCC(C)=O,15
BrCCCCCBr,1
CCCCCCCCCC | CCCCOC=O,61
COC=O | BrCCCBr,13
CCCCCCCCCCCC | CCCCC(=O)OCC,16
OCc1ccccc1,8
COC=O,28
C1CCOCC1 | CCCCCCCCCO,9
Cc1ccncc1 | O,12
CCOS(=O)(=O)[O-].CCn1cc[n+](C)c1 | C[N+](=O)[O-],78
CCCCCCC,90
CCCC[N+](C)(C)C.O=S(=O)([N-]S(=O)(=O)C(F)(F)F)C(F)(F)F | CCO,110
CCCCC(C)=O | O,36
CCOC(=O)C(C)C,10
CCCCCC | Cc1ccccc1,17
CCOC=O,34
COC(=O)OC | CCCCCCCCCC,60
CC#N,12
CCOC(=O)CC(=O)OCC,14
CCc1ccccc1,4
ClC[C@@H]1CO1,1
COc1ccccc1 | OCCCc1ccccc1,12
COC(C)(C)C | CCCCCCCC,128
C1CCOCC1 | CCCCCCCCO,11
C[C@H]1COC(=O)O1,1
CCOc1ccccc1 | OCCc1ccccc1,13
CCOC(=O)CC | ClCCCCCl,15
BrCCCCCCBr | CCOC=O,12
C[C@H](O)c1ccccc1,1
OCCOCCO | OCc1ccccc1,12
CCO | CC(C)CC(C)(C)C,11
COC(C)(C)C,8
CCCC[n+]1ccc(C)cc1.F[B-](F)(F)F | CCCO,23
CCCCCC[n+]1ccccc1.O=S(=O)([N-]S(=O)(=O)C(F)(F)F)C(F)(F)F,9
CCCCOC(=O)CCC | ClCCCl,16
CCCCOC(C)=O,5
CCn1cc[n+](C)c1.O=S(=O)([O-])C(F)(F)F,28
C1CCOCC1 | O=C1CCCC1,26
CCOC(=O)OCC,5
ClC(Cl)=C(Cl)Cl,2
CCCCCCCOC,8
CCCCCCOCC,8
CO | CCCCCCCCn1cc[n+](C)c1.O=S(=O)([N-]S(=O)(=O)C(F)(F)F)C(F)(F)F,11
CCCOC=O | ClCCCCl,16
ClCCCCl | CCCOC(C)=O,15
ClCCCCCCl | CCCOC(C)=O,14
CCOc1ccccc1 | OCc1ccccc1,12
COC(C)=O | CCCC(=O)OC | CCCCCCCC,98
BrCCCCCCBr | CCCCOC(C)=O,14
COc1ccccc1 | OCc1ccccc1,12
COC(=O)OC | CCCCCCC,61
CCOC(C)=O | ClCCCCCCl,15
CO,47
ClCCCCl | CCCOC(=O)CC,15
COC(C)=O | CCCCC(=O)OC,17
OCC(F)(F)F | CO,17
CCCCCCCCCCCCCCCCC,1
O | COP(=O)([O-])OC.Cn1cc[n+](C)c1,24
CC(C)C(C)C,2
CO | CCn1cc[n+](C)c1.O=S(=O)([N-]S(=O)(=O)C(F)(F)F)C(F)(F)F,12
BrCCCCBr | CCCCOC(=O)CC,15
CN(CCO)CCO,6
CCOC(C)=O | CCCCCCCCC,66
CCCCOC=O | ClCCCCCCl,30
COc1ccccc1 | OCCc1ccccc1,12
CCCC(=O)OCC | ClCCCCCl,14
COCCOCCOC,2
CCOC(=O)CC | ClCCCl,16
CCOc1ccccc1 | OCCCc1ccccc1,12
CCCCn1cc[n+](C)c1.F[B-](F)(F)F | CCn1cc[n+](C)c1.F[B-](F)(F)F,72
CCCCOC(=O)CCC | ClCCCCCl,13
BrCCCCCCBr | CCOC(C)=O,12
ClCCCCCCCl,3
Cc1cccc(C)n1 | O,12
c1ccccc1,9
Nc1ccccc1,3
CCOC(C)(C)CC | CC#N,9
Cc1ccccc1N | Cc1ccncc1,54
BrCCCCCBr | CCCCOC(=O)CC,16
CCCCCOC=O | ClCCCCl,14
CCCCO | CC(C)CC(C)(C)C,13
CCCCCCCC[N+](CC)(CC)CC.O=S(=O)([N-]S(=O)(=O)C(F)(F)F)C(F)(F)F,18
C1CCOCC1 | Cc1ccccn1,54
OCCc1ccccc1,2
Cc1cccc(C)n1,1
Cc1ccccc1Cl | C1COCO1,54
C1CCOC1,7
CCCCCCCCCC(=O)OC | CCCCCCCCCCCC,19
BrCCCBr,1
ClCCCl,5
CCOC(C)(C)CC | CCC#N,9
COC(=O)OC | CCCCCCCCC,73
C1CCOC1 | CCCCCCO,9
O | CCCOC(C)=O,53
ClCCCCCCCl | CCCOC(C)=O,12
C1COCCO1 | O=C1CCCCC1,72
CCCCCCCCO,9
ClCCCCCCl | CCCOC(=O)CC,13
C1COCO1 | CCCCCC(C)=O,23
O | CCOS(=O)(=O)[O-].CCn1cc[n+](C)c1,60
CCCCCCCCCCn1cc[n+](C)c1.O=S(=O)([N-]S(=O)(=O)C(F)(F)F)C(F)(F)F,2
CCCCC(=O)OC | BrCCBr,15
CCOC(=O)CC | ClCCCCCCl,15
COC(C)=O | BrCCBr,15
CC(=O)CC(C)C,7
O=[N+]([O-])c1ccccc1,1
CCCC#N,1
COC=O | ClCCCCl,16
CCCCC#N,1
COC(F)(F)C(F)(F)C(F)(F)C(F)(F)F,6
CCCCOC=O | CCCCCCCCC,76
CCCCCC(=O)OC(=O)CCCCC,1
CCCCOC(=O)CCC | ClCCCCCCl,11
BrCCBr | CCCCOC(=O)CCC,13
CC(C)CO,6
CCOC=O | ClCCCCl,32
CCOC(=O)OCC | CCCO,50
Cc1cccnc1,12
C1CCOCC1 | Cc1cccnc1,54
CCCOC(C)=O | CCCCCCCCCC,64
CCCCCCCCCCCC | CCOC(C)=O,14
CCCOC(=O)CC | CCCCCC | Cc1ccccc1,50
CCCCCOCCC,8
CCCCOC(=O)CC | ClCCCCCl,15
CC(=O)CC(C)=O,6
NCCO,6
CN(C)C=O,17
CCCCCCCC[n+]1ccc2ccccc2c1.N#C[S-],13
CCCCN,1
CCCC[n+]1cccc(C)c1.F[B-](F)(F)F | O,29
CCCCCCCCCCCCCC,7
C1CCOCC1 | c1ccncc1,54
CCCC(=O)OCC | ClCCCCCCl,15
CCOC(C)=O | ClCCCCCCCl,16
CCCCOC(=O)CC | ClCCCCCCCl,14
CCCCCO,38
BrCCCCBr | CCOC(=O)CC,12
CCCC[n+]1cccc(C)c1.F[B-](F)(F)F,2
CCOC(=O)c1ccccc1,2
C1CCOCC1 | CCCCCO,11
CCCOC(C)=O | CCCCCCC,65
CCCCOC=O | BrCCCCCBr,14
CCOS(=O)(=O)[O-].CCn1cc[n+](C)c1 | CCO,84
CC1(C)C(=O)[C@]2(C)CC[C@H]1C2,9
COC=O | CCCCCCCCCC,30
CCCCC(=O)OC | CCCCCCCC,19
CCCOC=O | CCCCCCCCC,76
C1COCCO1 | O=C1CCCC1,15
CCCCO,30
CCn1cc[n+](C)c1.CS(=O)(=O)[O-],7
CCCCCCn1cc[n+](C)c1.O=S(=O)([O-])C(F)(F)F,9
O | CCCC(=O)OC,44
BrCCCBr | CCCCOC(=O)CC,14
BrCCCCCBr | CCOC(=O)CC,12
CCC#N,4
CCCCCOCCCCC,1
C1CCOCC1 | CCCCCCCCCCO,9
CCOC(C)=O | ClCCCl,16
CCCCCCCCCC(=O)OC | CCCCCCCCCCCCCC,19
CCCOCCC,2
O=C1CCCCC1,6
CCCCOC(=O)CC | ClCCCl,16
CCn1cc[n+](C)c1.N#C[S-] | O,96
CCC(=O)OC | BrCCCCBr,15
COC(F)(F)C(F)(F)C(F)(F)C(F)(F)F | CCOCCO,29
CC(=O)C(C)C | O,47
ClC(Cl)Cl,7
CCn1cc[n+](C)c1.N#C[S-],21
ClCCCCCl | CCCOC(C)=O,13
CCn1cc[n+](C)c1.N#C[N-]C#N,14
CC(=O)C(C)C,4
BrCCCCCCBr,1
COP(=O)([O-])OC.Cn1cc[n+](C)c1,24
CCCO,46
CCCOC(=O)CC | Cc1ccccc1,17
Cn1ccnc1 | CO,65
CCOC(=O)C(C)C | CCCO,22
ClCCCCCl | CCCOC(=O)CC,15
CCCCC(=O)OCC | ClCCCl,16
COC(C)=O | CCCCC(=O)OC | CCCCCCCC,68
CCC(=O)OC | BrCCCBr,14
OC1=NCCC1,6
CCCCC(=O)OCC | ClCCCCCl,16
CCCC(=O)OC | BrCCCCCBr,13
CCCCC(=O)OCC | BrCCBr,12
CCCCC | CCCCOC=O,25
C1CCOC1 | CCCCO,11
Cc1ccccc1N | Cc1ccccn1,54
CCCCCC[N+](CC)(CC)CC.O=S(=O)([N-]S(=O)(=O)C(F)(F)F)C(F)(F)F | CO,120
C[C@@H](NCc1ccccc1)c1ccccc1,1
CCCCCCCCCCCC,9
CCCCOC=O | BrCCBr,15
CCCC[N+](C)(C)C.O=S(=O)([N-]S(=O)(=O)C(F)(F)F)C(F)(F)F | CN(C)C=O,90
CC/C=C\CCO,5
CCCCCOC(=O)CC,1
c1ccsc1,1
CCC(=O)OC,4
O | CCCCn1cc[n+](C)c1.O=S(=O)([O-])C(F)(F)F,84
CC(C)CC(C)(C)C,8
COC=O | CO,16
COC(C)=O | CCCCCCCC,22
Cn1ccnc1 | CCO,55
CCCCOC(=O)CCC | ClCCCCCCCl,14
CCn1cc[n+](C)c1.F[B-](F)(F)F | Cc1ccccn1,72
CCOC(C)=O | ClCCCCCl,15
Cc1ccccc1N | Cc1cccnc1,54
C1COCO1 | O=C1CCCC1,17
CCOC(=O)CC(C)=O,7
CCOCCOCCO,1
CC(C)(C)O,6
CCCCCO | CC(C)CC(C)(C)C,13
CCCCCC(=O)O,1
CS(C)=O | OCc1ccccc1,12
C1CCCCC1,42
CCCCOC=O | ClCCCl,30
CCCOC=O | ClCCCCCl,16
BrCCBr | CCOC=O,15
CCCCC(=O)OC | BrCCCCCBr,14
CCOC=O | CCCCCCC,76
COC(C)=O | BrCCCCCBr,14
CCCC(=O)OCC | ClCCCCCCCl,16
BrCCCCBr | CCCCOC(C)=O,13
CCCCn1cc[n+](C)c1.O=S(=O)([O-])C(F)(F)F | CCO,66
CCCC(=O)OCC | BrCCCCCBr,13
CCCCCCO,7
CCCCCCCCC,46
CCCC(C)=O | O,41
COC(C)(C)CC(C)(C)C,8
COCCOC,3
CCCCCCn1cc[n+](C)c1.O=S(=O)([N-]S(=O)(=O)C(F)(F)F)C(F)(F)F,4
CCCOCCC(C)C,8
C1CCOCC1,35
CCCCCCCCCCCC | CCOC(C)=O | CCCCC(=O)OCC,42
CCCOC=O | ClCCCCCCCl,15
Cc1cccc(C)c1,3
CC(Cl)(Cl)Cl,2
CCCCCCCCCl,2
CCOC(C)=O | CCCCC(=O)OCC,16
CCCC(C)=O,7
ClCCc1ccccc1,1
CCCCc1ccccc1,1
OCCOCCOCCOCCO,4
CCC(C)CC,3
CCCOC(C)=O | CCCCC,32
OCC(F)(F)F | O,17
CS(C)=O | OCCCc1ccccc1,12
CCOCCOCCOCCO,1
CCOC(C)(C)C | CC#N,9
C1CCOCC1 | CCCCCCO,11
C1CCOCC1 | O=C1CCCCC1,72
CN1CCCC1=O,10
COC(F)(F)C(F)(F)C(F)(F)C(F)(F)F | COCCOCCO,17
OCC(F)(F)F,33
CCCC[N+]1(C)CCCCC1.N#C[N-]C#N | O,80
BrCCCBr | CCOC(=O)CC,11
CCCCn1cc[n+](C)c1.COS(=O)(=O)[O-] | C[N+](=O)[O-],114
CCCCOC(=O)CC | ClCCCCCCl,14
Cc1ccc(C)cc1,3
COC(=O)[C@H](C)CO,1
CCCC[N+]1(C)CCCCC1.N#C[N-]C#N,20
CCCC[n+]1ccc(C)cc1.F[B-](F)(F)F | CCCCCO,7
CCOC(C)(C)C | CCC#N,9
BrCCCCCCBr | CCCCOC(=O)CC,14
COC=O | ClCCCCCCCl,16
CCCCOC=O | BrCCCCCCBr,13
CCCC[n+]1cccc(C)c1.F[B-](F)(F)F | CCCCO,11
COC=O | BrCCCCCBr,15
CCCOC=O | ClCCCl,15
CCCCCCCCCCCC[N+](CC)(CC)CC.O=S(=O)([N-]S(=O)(=O)C(F)(F)F)C(F)(F)F | CO,120
CCCC(=O)OC[C@@H]1CO1,1
CCCCn1cc[n+](C)c1.F[B-](F)(F)F | CCO,102
CN1CCOCC1 | O,12
CCCC(C)C,3
COC(F)(F)C(F)(F)C(F)(F)C(F)(F)F | COCCO,29
ClCCCCl | CCCOC=O,14
CCCC[N+]1(C)CCCC1.N#C[N-]C#N,27
CCCCC(=O)OCC | ClCCCCCCl,15
CCCCC(=O)OC(=O)CCCC,1
CS(C)=O | CCCO,36
CCCCCOC=O | ClCCCCCCCl,14
CCCC(=O)OC | BrCCBr,15
CCCCCCCCCCO,2
CN1CCOCC1,1
CCOC(C)=O | CCCCCCCC,69
CC(=O)OCCO,13
CCOC(=O)C(C)C | CCO,22
CCCCCCCCn1cc[n+](C)c1.O=S(=O)([N-]S(=O)(=O)C(F)(F)F)C(F)(F)F,2
CCCCOCCCC,11
CCCC(=O)OCC | BrCCBr,13
BrCCBr | CCCCOC(C)=O,16
O=C1CCCCCC1,5
CCOC(C)=O,36
CCCCC(=O)OC | CC(C)CC(C)(C)C,16
ClCCCCCCl | CCCOC=O,12
C1COCCO1,12
CCC(C)(C)O,1
Cc1ccccc1Cl | C1CCOCC1,54
COC(=O)OC | CCCCCC,63
CCCCn1cc[n+](C)c1.O=S(=O)([O-])C(F)(F)C(F)F,10
CCCCCCCCCCCCCCC,1
C[N+](=O)[O-],14
CCCCCCCC(=O)O,1
CCn1cc[n+](C)c1.F[B-](F)(F)F | Cc1ccncc1,72
CCOC(C)=O | CCCCCC,67
CCOC(=O)C(C)C | CO,22
CCCCC(=O)OC | BrCCCCCCBr,13
CCCC[n+]1ccc(C)cc1.F[B-](F)(F)F | O,31
CCCC(=O)OC | BrCCCCCCBr,14
CC(C)OC(C)C | CC(C)CC(C)(C)C,11
CCn1cc[n+](C)c1.O=S(=O)([O-])C(F)(F)F | CCO,60
C1CCOC1 | CCCCCCCCCO,9
COC=O | ClCCCCCl,16
C1CCOC1 | CCO,11
CCOC(=O)OCC | CCO,45
CCOP(=O)([O-])OCC.CCn1cc[n+](C)c1 | O=[N+]([O-])[O-].[Li+] | O,28
CC(=O)N(C)C,3
CCCC[n+]1ccc(C)cc1.F[B-](F)(F)F,2
CCCC[N+]1(C)CCCC1.N#C[N-]C#N | O,164
COC(=O)CC(C)=O,6
CCCCC(=O)OC | BrCCCCBr,12
CCOC(=O)CC,3
CCCCOC=O,35
CCCO | CC(C)CC(C)(C)C,13
CCOC=O | ClCCCCCl,31
CCCC(=O)OCC | ClCCCl,16
CCCCCCCCCC(=O)OC | CCCCCCCCCCCCCCCC,19
COC(=O)OC | CCCCCCCC,62
CCCCCOC=O | ClCCCCCl,16
BrCCBr | CCOC(C)=O,13
C1COCCO1 | CCCC(C)=O,17
CCCCOC=O | CCCCCC,60
CCCCn1cc[n+](C)c1.N#C[N-]C#N | O,24
COC(C)=O | CCCC(=O)OC | CC(C)CC(C)(C)C,77
CCCC(=O)OC[C@H]1CO1,1
Cn1ccnc1 | CCCO,55
CCCCCCCC[N+](CC)(CC)CC.O=S(=O)([N-]S(=O)(=O)C(F)(F)F)C(F)(F)F | CO,120
COC(C)(C)C | CCCCO | CCCCCCCC,195
BrCCCCBr | CCCCOC(=O)CCC,13
CCCCC(=O)OCC | BrCCCCCBr,15
Cc1cccc(C)n1 | CO,10
ClCCCl | CCCOC(C)=O,16
Cc1ccccc1N,4
ClCCCCl | CCCOC(=O)CCC,15
C=C(C)CC(C)(C)C,1
CCCCOC=O | CCCCCCCC,76
CCCCC(=O)OC | COC=O,17
COC=O | ClCCCl,16
CCOCCOCCOCC,1
CCCCOC(C)=O | ClCCCCl,13
CCn1cc[n+](C)c1.N#CC(=C=[N-])C#N | O,35
CCCCn1cc[n+](C)c1C.F[B-](F)(F)F,8
BrCCCCCBr | CCCCOC(=O)CCC,15
CCCCCO | C=C(C)[C@H]1CC=C(C)CC1,88
c1ccncc1,51
Clc1ccccc1,2
C1CCOCC1 | O=C1CCCCCC1,72
O | CCCCn1cc[n+](C)c1.COS(=O)(=O)[O-],72
CCCCC(=O)OC | COC=O | CO,79
CCOC=O | ClCCCl,31
CCCC(=O)OCC | BrCCCCCCBr,12
CO | CCCCCCn1cc[n+](C)c1.O=S(=O)([N-]S(=O)(=O)C(F)(F)F)C(F)(F)F,19
COC=O | BrCCBr,14
CCn1cc[n+](C)c1.N#CC(=C=[N-])C#N,8
CCCCCOC=O | ClCCCl,16
C1CCOC1 | CCCCCCCO,9
CCCCOC(=O)CCC,3
ClCCCCCCCl | CCCOC(=O)CC,12
CCCOC=O | ClCCCCCCl,15
BrCCCCCCBr | CCOC(=O)CC,14
CCCCCC(=O)CC,1
O | CC(=O)C(C)=O,64
CCO | CC1(C)C(=O)[C@]2(C)CC[C@H]1C2,44
CCCOC=O | CCCCCC,58
C1CCOCC1 | CCCCO,40
CCCCCCCCCC,45
CCCCCCCCCCCCC,1
CCCCC(=O)OCC | ClCCCCCCCl,12
C1COCO1 | CCCC(C)=O,18
Cc1cccnc1 | CO,10
CCCC[P+](CC)(CCCC)CCCC.CCOP(=O)([O-])OCC,7
CCCCC(=O)OC,9
CCCCCCCC,60
CCCCn1cc[n+](C)c1.N#C[N-]C#N,10
CCCCCCn1cc[n+](C)c1.F[B-](F)(F)F,48
CCOCCO,4
ClCCCCCCl | CCCOC(=O)CCC,12
Cn1ccnc1 | CC(C)O,55
C1COCO1,10
CCCC(=O)OC | CCCCCCCC,21
CCCCC(=O)OC | CCCCCCC,16
C1CCOC1 | CCCO,11
COC(C)=O | BrCCCCCCBr,14
CCCOC=O | CCCCCCCC,76
CCCCCCC(C)=O,2
CCCCNCCCC,2
COC=O | ClCCCCCCl,16
Cc1ccccc1Cl | C1COCCO1,54
CC(C)OC(C)C,3
CCCCCCN,1
CCCCCCCCCC | CCCOC=O,64
CCCC(=O)OC,14
CNc1ccccc1,4
CCCCn1cc[n+](C)c1.COS(=O)(=O)[O-],44
CCCC(=O)OCC,2
COCCO,2
CCCCCOC=O | ClCCCCCCl,14
CCCC[n+]1cccc(C)c1.F[B-](F)(F)F | CO,22
OCCOCCOCCO,4
CCCCOC(C)=O | ClCCCCCl,16
CCCOC(C)=O | CCCCCCCCC,64
CCCCCCCl,2
CC(C)OC(C)C | CCO | CC(C)CC(C)(C)C,66
C=CCCCC,3
CCCCC(=O)OC | BrCCCBr,16
COc1ccccc1,2
CCC(C)(C)C,2
CCCCC | CCOC=O,30
O | CC/C=C\CCO,35
CCCCCCCCCC | CCOC=O,64
CC(C)O,13
CN1CCCCC1 | CO,12
CCCCCCn1cc[n+](C)c1.F[B-](F)(F)F | C[N+](=O)[O-],90
ClCCCCCl | CCCOC=O,13
CCCC[n+]1cccc(C)c1.F[B-](F)(F)F | CCO,24
CCCCCCCCCCCCCCCC,6
CCCCC | CCCOC=O,29
CCC(=O)OC | CCCCCCC,15
CC1CCCCC1,2
CCOc1ccccc1,1
COC(C)=O,9
CCCCn1cc[n+](C)c1.O=S(=O)([O-])C(F)(F)F,18
BrCCBr,1
ClCCCCl,1
CCCNCCC,2
Cc1ccccc1Cl,6
CCOC(C)(C)CC,3
COC=O | CCCCCC,32
CCCCCCn1cc[n+](C)c1.F[B-](F)(F)F | CCCCn1cc[n+](C)c1.F[B-](F)(F)F,90
Cc1ccccc1N | c1ccncc1,54
CCOC=O | ClCCCCCCl,32
COC=O | CCCCCCCCC,38
OCCO,3
CCOC=O | CCCCCC,55
CCCCOC=O | BrCCCCBr,13
CCCCCCn1cc[n+](C)c1.F[B-](F)(F)F | CCn1cc[n+](C)c1.F[B-](F)(F)F,117
C1CCOCC1 | CCCC(C)=O,17
C1COCCO1 | O=C1CCCCCC1,72
CCOC=O | CCCCCCCCC,76
CCOC(=O)CC | ClCCCCl,14
CCCCn1cc[n+](C)c1C.F[B-](F)(F)F | CCn1cc[n+](C)c1.F[B-](F)(F)F,72
CCCCOC=O | ClCCCCl,28
CCCC(=O)OCC | ClCCCCl,15
COP(=O)([O-])OC.Cn1cc[n+](C)c1 | CCO,24
CCCCOC(C)=O | ClCCCCCCl,11
CCCCn1cc[n+](C)c1C.F[B-](F)(F)F | CCCCn1cc[n+](C)c1.F[B-](F)(F)F,72
COC=O | CCCCCCCC,38
CCCC[N+](C)(C)C.O=S(=O)([N-]S(=O)(=O)C(F)(F)F)C(F)(F)F,30
CCOC(=O)C(=O)OCC,8
COC(F)(F)C(F)(F)C(F)(F)C(F)(F)F | CCCCOCCO,21
CCCCn1cc[n+](C)c1.F[B-](F)(F)F,89
C[C@H](NCc1ccccc1)c1ccccc1,1
CCCCOC(=O)CCC | ClCCCCl,16
CCCC[n+]1ccc(C)cc1.F[B-](F)(F)F | CCCCO,15
CCCCOC(=O)CC,4
CCOC=O | CCCCCCCC,76
CCCC(=O)OC | CC(C)CC(C)(C)C,19
C1COCCO1 | CCCCCC(C)=O,17
CCCCCC,52
CS(C)=O | OCCc1ccccc1,12
Cc1ccccc1 | CCCCCCC,15
c1cc[nH]c1 | c1ccncc1,75
COC(F)(F)C(F)(F)C(F)(F)C(F)(F)F | COCCOCCOC,21
C1CCOC1 | OCC(F)(F)F,29
COC(C)=O | CCCCC(=O)OC | CC(C)CC(C)(C)C,80
ClCCCCCl | CCCOC(=O)CCC,11
COCOC,1
Cc1ccncc1 | CO,10
BrCCCCBr | CCOC=O,13
BrCCCCBr | CCOC(C)=O,14
CCOC(=O)OCC | CCCCCCCCO,44
CCOC(C)=O | CCCCCCCCCC,68
CCCCC(=O)OCC | BrCCCCCCBr,12
OCCOCCOCCO | OCc1ccccc1,12
ClCCCCCCl,1
OCC(F)(F)F | CCO,22
CCCCCCCCn1cc[n+](C)c1.O=S(=O)([O-])C(F)(F)F,13
O,399
CCCCOC=O | CCCCCCC,76
CCCCCCCCCCCC[N+](CC)(CC)CC.O=S(=O)([N-]S(=O)(=O)C(F)(F)F)C(F)(F)F,18
CN1CCOCC1 | CO,12
CCCCn1cc[n+](C)c1.F[P-](F)(F)(F)(F)F,18
O=C1CCCC1,1
CCn1cc[n+](C)c1.F[B-](F)(F)F | c1ccncc1,72
CCCCC(=O)OCC | BrCCCCBr,13
OCC(F)(F)F | CCCCn1cc[n+](C)c1.F[B-](F)(F)F,54
C=C(C)[C@H]1CC=C(C)CC1,16
COC(=O)OC,32
BrCCCCCBr | CCOC=O,10
CCCC[n+]1cccc(C)c1.F[B-](F)(F)F | CCCO,29
CCCCn1cc[n+](C)c1.F[B-](F)(F)F | C[N+](=O)[O-],130
CCCCn1cc[n+](C)c1.O=S(=O)([O-])C(F)(F)F | C[N+](=O)[O-],66
ClCCCCCCCl | CCCOC=O,13
CCC(=O)OC | BrCCCCCBr,13
COC(=O)[C@@H](C)CO,1
Cc1ccccc1,10
CCOC(C)=O | CCCCCCC,71
CCCCCCCCCC(=O)OC,4
O | CCn1cc[n+](C)c1.O=S(=O)([O-])C(F)(F)F,66
CCCCn1cc[n+](C)c1.F[B-](F)(F)F | CCCCn1cc[n+](C)c1.COS(=O)(=O)[O-],126
CCCCC(=O)OCC | BrCCCBr,13
CO | CCCCCCCCCCn1cc[n+](C)c1.O=S(=O)([N-]S(=O)(=O)C(F)(F)F)C(F)(F)F,15
CCn1cc[n+](C)c1.COS(=O)(=O)[O-],7
CCCCOC=O | BrCCCBr,13
BrCCBr | CCCCOC(=O)CC,14
C=CCCCCCC,1
OCCCc1ccccc1,3
CO | CCCCn1cc[n+](C)c1.O=S(=O)([N-]S(=O)(=O)C(F)(F)F)C(F)(F)F,7
CCCCCCCCC(C)=O,1
OCCO | OCc1ccccc1,12
BrCCCCCBr | CCCCOC(C)=O,13
CCCCC(=O)OCC,2
CCn1cc[n+](C)c1.F[B-](F)(F)F | Cc1cccnc1,72
C1CCOCC1 | CCCCCCCO,11
CCCC(=O)OC | BrCCCCBr,13
CCCOC=O | CCCCCCC,76
